Name,Mentions,Clan
Shadowsight,533,2
Rootspring,508,5
Bristlefrost,404,1
Ashfur,389,0
Squirrelflight,289,1
Bramblestar,230,1
Willowshine,181,4
Tree,179,5
Tigerstar,165,2
Mothwing,154,4
Snowtuft,93,2
Lionblaze,87,1
Graystripe,80,1
Jayfeather,57,1
Dovewing,35,2
Leafstar,35,5
Ivypool,34,1
Stemleaf,28,1
Darkstripe,24,1
Mistystar,22,4
Alderheart,21,1
Puddleshine,21,2
Harestar,21,3
Crowfeather,21,3
Breezepelt,21,3
Mapleshade,21,0
Sparkpelt,16,1
Tawnypelt,16,2
Kestrelflight,16,3
Icewing,14,4
Cloverfoot,12,2
Bumblestripe,11,1
Cinderheart,9,1
Spotfur,8,1
Silverhawk,8,0
Firestar,7,1
Hawkwing,7,5
Frecklewish,7,5
Twigbranch,6,1
Spiresight,6,0
Sandynose,6,5
Whitewing,5,1
Thriftear,5,1
Fernsong,5,1
Cloudtail,5,1
Berrynose,5,1
Macgyver,5,5
Violetshine,5,5
Birchfall,4,1
Rosepetal,4,1
Mintfur,4,5
Bellaleaf,4,5
Thornclaw,3,1
Mousewhisker,3,1
Molewhisker,3,1
Hollytuft,3,1
Finleap,3,1
Plumstone,3,1
Leafshade,3,1
Daisy,3,1
Leafpool,3,1
Harelight,3,2
Pouncestep,3,2
Lightleap,3,2
Fidgetflake,3,5
Harrybrook,3,5
Cherrytail,3,5
Rabbitleap,3,5
Crouchfoot,3,3
Songpaw,3,3
Poppyfrost,2,1
Lilyheart,2,1
Cherryfall,2,1
Stormcloud,2,1
Brightheart,2,1
Oakfur,2,2
Dewspring,2,5
Needleclaw,2,5
Plumwillow,2,5
Wrenpaw,2,5
Nectarsong,2,5
Hootwhisker,2,3
Baypaw,1,1
Flamepaw,1,1
Finchpaw,1,1
Blossomfall,1,1
Eaglewing,1,1
Myrtlepaw,1,1
Dewnose,1,1
Honeyfur,1,1
Sorrelstripe,1,1
Shellfur,1,1
Conefoot,1,5
Brackenfur,1,1
Stonewing,1,2
Scorchfur,1,2
Flaxfoot,1,2
Sparrowtail,1,2
Snowbird,1,2
Yarrowleaf,1,2
Berryheart,1,2
Grassheart,1,2
Whorlpelt,1,2
Hopwhisker,1,2
Blazefire,1,2
Cinnamontail,1,2
Flowerstem,1,2
Snaketooth,1,2
Slatefur,1,2
Gullswoop,1,2
Spireclaw,1,2
Hollowspring,1,2
Sunbeam,1,2
Sparrowpelt,1,5
Sagenose,1,5
Kitescratch,1,5
Cloudmist,1,5
Blossomheart,1,5
Turtlecrawl,1,5
Reedclaw,1,5
Nettlesplash,1,5
Tinycloud,1,5
Palesky,1,5
Quailfeather,1,5
Pigeonfoot,1,5
Fringewhisker,1,5
Gravelnose,1,5
Sunnypelt,1,5
Fallowfern,1,5
Nightcloud,1,3
Brindlewing,1,3
Appleshine,1,3
Leaftail,1,3
Woodsong,1,3
Emberfoot,1,3
Heathertail,1,3
Featherpelt,1,3
Larkwing,1,3
Sedgewhisker,1,3
Flutterpaw,1,3
Slightfoot,1,3
Oatclaw,1,3
Whistlepaw,1,3
Fernstripe,1,3
Whiskernose,1,3
Gorsetail,1,3
Reedwhisker,1,2
Duskfur,1,4
Minnowtail,1,4
Splashpaw,1,4
Mallownose,1,4
Havenpelt,1,4
Podlight,1,4
Shimmerpelt,1,4
Lizardtail,1,4
Fogpaw,1,4
Sneezecloud,1,4
Brackenpelt,1,4
Jayclaw,1,4
Owlnose,1,4
Gorseclaw,1,4
Nightsky,1,4
Breezeheart,1,4
Curlfeather,1,4
Mosspelt,1,4